name,link,price,review_count,review_percentage,game_tags,Review_Category
Rust,https://store.steampowered.com/app/252490/Rust/?snr=1_7_7_230_150_1,18.99,875907,85,"['Survival', 'Crafting', 'Multiplayer', 'Open World', 'Open World Survival Craft', 'Building', 'PvP', 'Sandbox', 'Adventure', 'First-Person', 'Action', 'Nudity', 'FPS', 'Shooter', 'Co-op', 'Online Co-Op', 'Indie', 'Early Access', 'Post-apocalyptic', 'Simulation']",+100000
ELDEN RING,https://store.steampowered.com/app/1245620/ELDEN_RING/?snr=1_7_7_230_150_1,39.99,607981,94,"['Souls-like', 'Dark Fantasy', 'Open World', 'RPG', 'Difficult', 'Action RPG', 'Third Person', 'Multiplayer', 'Fantasy', 'Singleplayer', 'Online Co-Op', 'Action', 'Co-op', 'PvP', 'Atmospheric', 'Great Soundtrack', 'Violent', '3D', 'Character Customization', 'Family Friendly']",+100000
The Elder Scrolls® Online,https://store.steampowered.com/app/306130/The_Elder_Scrolls_Online/?snr=1_7_7_230_150_1,11.99,120688,79,"['RPG', 'MMORPG', 'Open World', 'Fantasy', 'Adventure', 'Exploration', 'Multiplayer', 'Singleplayer', 'Massively Multiplayer', 'Action', 'Character Customization', 'PvP', 'PvE', 'Lore-Rich', 'Story Rich', 'Choose Your Own Adventure', 'Magic', 'Action RPG', 'Class-Based', 'Atmospheric']",+100000
Red Dead Redemption 2,https://store.steampowered.com/app/1174180/Red_Dead_Redemption_2/?snr=1_7_7_230_150_1,59.99,529446,93,"['Open World', 'Story Rich', 'Western', 'Adventure', 'Multiplayer', 'Action', 'Realistic', 'Singleplayer', 'Shooter', 'Atmospheric', 'Horses', 'Beautiful', 'Mature', 'Third-Person Shooter', 'Great Soundtrack', 'Third Person', 'Gore', 'Sandbox', 'First-Person', 'FPS']",+100000
Baldur's Gate 3,https://store.steampowered.com/app/1086940/Baldurs_Gate_3/?snr=1_7_7_230_150_1,34.99,545407,95,"['RPG', 'Choices Matter', 'Character Customization', 'Story Rich', 'Turn-Based Combat', 'Dungeons & Dragons', 'Adventure', 'CRPG', 'Fantasy', 'Online Co-Op', 'Romance', 'Multiplayer', 'Strategy', 'Singleplayer', 'Co-op Campaign', 'Sexual Content', 'Class-Based', 'Dark Fantasy', 'Combat', 'Controller']",+100000
Sons Of The Forest,https://store.steampowered.com/app/1326470/Sons_Of_The_Forest/?snr=1_7_7_230_150_1,14.99,173003,88,"['Survival', 'Open World', 'Multiplayer', 'Survival Horror', 'Co-op', 'Base Building', 'Crafting', 'Horror', 'First-Person', 'Exploration', 'Building', 'Adventure', 'Singleplayer', 'Atmospheric', 'Action-Adventure', 'Sandbox', 'Action', 'Simulation', 'Early Access', 'Immersive Sim']",+100000
HELLDIVERS™ 2,https://store.steampowered.com/app/553850/HELLDIVERS_2/?snr=1_7_7_230_150_1,39.99,641489,66,"['Online Co-Op', 'Third-Person Shooter', 'Multiplayer', 'Action', 'PvE', 'Shooter', 'Co-op', 'Sci-fi', 'Capitalism', 'Space', 'Third Person', 'Extraction Shooter', 'Comedy', 'Gore', 'Violent', 'Great Soundtrack', 'Difficult', 'Psychological Horror', 'Singleplayer', 'Open World']",+100000
Tom Clancy's Rainbow Six® Siege,https://store.steampowered.com/app/359550/Tom_Clancys_Rainbow_Six_Siege/?snr=1_7_7_230_150_1,15.99,1092754,76,"['FPS', 'PvP', 'eSports', 'Tactical', 'Multiplayer', 'Shooter', 'Competitive', 'Online Co-Op', 'Action', 'Hero Shooter', 'Team-Based', 'Military', 'Strategy', 'First-Person', 'War', 'Realistic', 'Co-op', 'Destruction', 'Difficult', '3D']",+100000
Euro Truck Simulator 2,https://store.steampowered.com/app/227300/Euro_Truck_Simulator_2/?snr=1_7_7_230_150_1,10.09,567471,95,"['Driving', 'Transportation', 'Simulation', 'Open World', 'Automobile Sim', 'Realistic', 'Moddable', 'Relaxing', 'Exploration', 'Immersive Sim', 'Economy', 'Management', 'Atmospheric', 'Multiplayer', 'Controller', 'Family Friendly', 'Third Person', 'Adventure', 'Casual', 'Indie']",+100000
Grand Theft Auto V,https://store.steampowered.com/app/271590/Grand_Theft_Auto_V/?snr=1_7_7_230_150_1,59.97,1644503,92,"['Open World', 'Action', 'Multiplayer', 'Crime', 'Automobile Sim', 'Third Person', 'First-Person', 'Mature', 'Shooter', 'Adventure', 'Singleplayer', 'Third-Person Shooter', 'Racing', 'Co-op', 'Sandbox', 'Atmospheric', 'Funny', 'Great Soundtrack', 'Comedy', 'Moddable']",+100000
Dead by Daylight,https://store.steampowered.com/app/381210/Dead_by_Daylight/?snr=1_7_7_230_150_1,14.99,523692,76,"['Horror', 'Survival Horror', 'Multiplayer', 'Online Co-Op', 'Co-op', 'Survival', 'Gore', 'Team-Based', 'Blood', 'Stealth', 'Third Person', 'Violent', 'First-Person', 'Psychological Horror', 'Action', 'Atmospheric', 'Strategy', 'Comedy', 'Mature', 'Difficult']",+100000
The Forest,https://store.steampowered.com/app/242760/The_Forest/?snr=1_7_7_230_150_2,10.49,459145,94,"['Open World Survival Craft', 'Survival', 'Open World', 'Horror', 'Crafting', 'Adventure', 'Building', 'Survival Horror', 'First-Person', 'Action', 'Exploration', 'Sandbox', 'Singleplayer', 'Atmospheric', 'Simulation', 'Gore', 'Realistic', 'Indie', 'Zombies', 'Early Access']",+100000
Project Zomboid,https://store.steampowered.com/app/108600/Project_Zomboid/?snr=1_7_7_230_150_2,10.49,225247,94,"['Survival', 'Zombies', 'Open World', 'Open World Survival Craft', 'Multiplayer', 'Sandbox', 'Post-apocalyptic', 'Co-op', 'Crafting', 'Indie', 'Building', 'Simulation', 'RPG', 'Survival Horror', 'Realistic', 'Isometric', 'Singleplayer', '2D', 'Adventure', 'Early Access']",+100000
Hogwarts Legacy,https://store.steampowered.com/app/990080/Hogwarts_Legacy/?snr=1_7_7_230_150_2,59.99,190016,86,"['Magic', 'Fantasy', 'Open World', 'Singleplayer', 'Adventure', 'RPG', 'Character Customization', 'Exploration', 'Story Rich', 'Third Person', 'Action-Adventure', 'Atmospheric', 'Action RPG', 'Action', 'Combat', 'Choices Matter', 'Puzzle', 'Great Soundtrack', 'Dark', 'Family Friendly']",+100000
Lethal Company,https://store.steampowered.com/app/1966720/Lethal_Company/?snr=1_7_7_230_150_2,5.79,321317,95,"['Online Co-Op', 'Horror', 'First-Person', 'Co-op', 'Survival Horror', 'Exploration', 'Psychological Horror', 'Funny', 'Sci-fi', 'PvE', 'Atmospheric', 'Procedural Generation', 'Aliens', 'Time Management', 'Adventure', 'Dungeon Crawler', 'Action', 'Early Access', 'Action-Adventure', 'Perma Death']",+100000
Forza Horizon 5,https://store.steampowered.com/app/1551360/Forza_Horizon_5/?snr=1_7_7_230_150_2,32.78,163614,88,"['Racing', 'Open World', 'Driving', 'Multiplayer', 'Automobile Sim', 'Realistic', 'Adventure', 'Simulation', 'Arcade', 'Exploration', 'First-Person', 'Atmospheric', 'Sports', 'Co-op', 'PvP', 'Online Co-Op', 'Singleplayer', 'Beautiful', 'Action', 'Third Person']",+100000
Monster Hunter: World,https://store.steampowered.com/app/582010/Monster_Hunter_World/?snr=1_7_7_230_150_2,22.49,264199,91,"['Co-op', 'Multiplayer', 'Action', 'Open World', 'RPG', 'Third Person', 'Character Customization', 'Adventure', 'Fantasy', 'Difficult', 'Action RPG', 'Singleplayer', 'Exploration', 'Great Soundtrack', 'Replay Value', 'Atmospheric', 'Hack and Slash', 'JRPG', 'Souls-like', 'MMORPG']",+100000
Stardew Valley,https://store.steampowered.com/app/413150/Stardew_Valley/?snr=1_7_7_230_150_2,5.99,603640,98,"['Farming Sim', 'Pixel Graphics', 'Life Sim', 'Multiplayer', 'RPG', 'Relaxing', 'Agriculture', 'Simulation', 'Crafting', 'Sandbox', 'Indie', 'Building', 'Singleplayer', 'Casual', 'Open World', '2D', 'Cute', 'Dating Sim', 'Great Soundtrack', 'Fishing']",+100000
Hearts of Iron IV,https://store.steampowered.com/app/394360/Hearts_of_Iron_IV/?snr=1_7_7_230_150_2,29.99,208239,89,"['Strategy', 'World War II', 'Grand Strategy', 'War', 'Historical', 'Military', 'Alternate History', 'Multiplayer', 'Simulation', 'Tactical', 'Real-Time with Pause', 'Singleplayer', 'RTS', 'Diplomacy', 'Sandbox', 'Co-op', 'Strategy RPG', 'Competitive', 'Open World', 'Action']",+100000
RimWorld,https://store.steampowered.com/app/294100/RimWorld/?snr=1_7_7_230_150_2,17.99,158205,96,"['Colony Sim', 'Base Building', 'Survival', 'Strategy', 'Sandbox', 'Management', 'Building', 'Simulation', 'Singleplayer', 'Moddable', 'City Builder', 'Open World', 'Procedural Generation', '2D', 'Sci-fi', 'Indie', 'Space', 'Tactical RPG', 'Western', 'Cartoony']",+100000
Hunt: Showdown,https://store.steampowered.com/app/594650/Hunt_Showdown/?snr=1_7_7_230_150_2,18.99,157306,73,"['Open World', 'Extraction Shooter', 'Atmospheric', 'Tactical', 'Multiplayer', 'FPS', 'Perma Death', 'Western', 'Shooter', 'PvP', 'Horror', 'Online Co-Op', 'Survival Horror', 'Difficult', 'Co-op', 'Battle Royale', 'Team-Based', 'Action', 'Gore', 'Zombies']",+100000
Sea of Thieves: 2024 Edition,https://store.steampowered.com/app/1172620/Sea_of_Thieves_2024_Edition/?snr=1_7_7_230_150_2,23.99,283002,84,"['Multiplayer', 'Adventure', 'Open World', 'Pirates', 'Co-op', 'Online Co-Op', 'Action', 'PvP', 'Sailing', 'First-Person', 'Exploration', 'Naval', 'Funny', 'PvE', 'Massively Multiplayer', 'FPS', 'Atmospheric', 'Swordplay', 'Great Soundtrack', 'Singleplayer']",+100000
Palworld,https://store.steampowered.com/app/1623730/Palworld/?snr=1_7_7_230_150_2,14.99,259117,90,"['Open World', 'Multiplayer', 'Creature Collector', 'Survival', 'Open World Survival Craft', 'Crafting', 'Co-op', 'Adventure', 'Sandbox', 'Third-Person Shooter', 'Automation', 'Action', 'Early Access', 'RPG', 'Anime', 'PvE', '3D', 'Indie', 'Looter Shooter', 'Hack and Slash']",+100000
Arma 3,https://store.steampowered.com/app/107410/Arma_3/?snr=1_7_7_230_150_2,14.99,151475,91,"['Military', 'Action', 'Multiplayer', 'Simulation', 'Shooter', 'Realistic', 'First-Person', 'Open World', 'Tactical', 'FPS', 'War', 'Co-op', 'Strategy', 'Sandbox', 'Singleplayer', 'Moddable', 'Combat', 'Online Co-Op', 'Team-Based', 'Third-Person Shooter']",+100000
Cyberpunk 2077,https://store.steampowered.com/app/1091500/Cyberpunk_2077/?snr=1_7_7_230_150_3,44.99,656258,94,"['Cyberpunk', 'Open World', 'Nudity', 'RPG', 'Singleplayer', 'Sci-fi', 'Futuristic', 'FPS', 'Mature', 'Story Rich', 'First-Person', 'Atmospheric', 'Exploration', 'Action', 'Violent', 'Great Soundtrack', 'Action RPG', 'Adventure', 'Character Customization', 'Immersive Sim']",+100000
Terraria,https://store.steampowered.com/app/105600/Terraria/?snr=1_7_7_230_150_3,5.79,1027292,96,"['Open World Survival Craft', 'Sandbox', 'Survival', '2D', 'Multiplayer', 'Adventure', 'Pixel Graphics', 'Crafting', 'Building', 'Exploration', 'Co-op', 'Open World', 'Online Co-Op', 'Indie', 'Action', 'RPG', 'Singleplayer', 'Replay Value', 'Platformer', 'Atmospheric']",+100000
Mount & Blade II: Bannerlord,https://store.steampowered.com/app/261550/Mount__Blade_II_Bannerlord/?snr=1_7_7_230_150_3,19.99,189739,85,"['Medieval', 'Strategy', 'Open World', 'RPG', 'War', 'Sandbox', 'Multiplayer', 'Singleplayer', 'Action', 'Character Customization', 'Simulation', 'Moddable', 'Adventure', 'Horses', 'Realistic', 'Third Person', 'First-Person', 'Historical', 'Great Soundtrack', 'Early Access']",+100000
Fallout 4,https://store.steampowered.com/app/377160/Fallout_4/?snr=1_7_7_230_150_3,11.99,240647,79,"['Open World', 'Post-apocalyptic', 'Singleplayer', 'Exploration', 'RPG', 'Adventure', 'Atmospheric', 'Shooter', 'First-Person', 'Story Rich', 'Action', 'Sci-fi', 'FPS', 'Action RPG', 'Sandbox', 'Great Soundtrack', 'Third Person', 'Survival', 'Third-Person Shooter', 'Character Customization']",+100000
ASTRONEER,https://store.steampowered.com/app/361420/ASTRONEER/?snr=1_7_7_230_150_3,14.99,100808,92,"['Multiplayer', 'Open World', 'Open World Survival Craft', 'Space', 'Survival', 'Exploration', 'Base Building', 'Co-op', 'Sandbox', 'Adventure', 'Building', 'Crafting', 'Sci-fi', 'Automation', 'Singleplayer', 'Colorful', 'Third Person', 'Atmospheric', 'Simulation', 'Indie']",+100000
American Truck Simulator,https://store.steampowered.com/app/270880/American_Truck_Simulator/?snr=1_7_7_230_150_3,10.09,123861,96,"['Automobile Sim', 'Driving', 'Open World', 'Transportation', 'Simulation', 'America', 'Realistic', 'Moddable', 'Relaxing', 'Exploration', 'Economy', 'Management', 'Atmospheric', 'Immersive Sim', 'Multiplayer', 'Singleplayer', 'Adventure', 'Casual', 'Family Friendly', 'Level Editor']",+100000
BeamNG.drive,https://store.steampowered.com/app/284160/BeamNGdrive/?snr=1_7_7_230_150_3,12.49,229827,96,"['Simulation', 'Driving', 'Physics', 'Destruction', 'Realistic', 'Automobile Sim', 'Open World', 'Sandbox', 'Racing', 'Moddable', 'Multiplayer', 'Singleplayer', 'Early Access', 'First-Person', 'Third Person', 'Exploration', 'Funny', 'Adventure', 'Action', 'Flight']",+100000
Subnautica,https://store.steampowered.com/app/264710/Subnautica/?snr=1_7_7_230_150_4,14.99,244499,97,"['Open World Survival Craft', 'Survival', 'Horror', 'Open World', 'Exploration', 'Underwater', 'Crafting', 'Base Building', 'Singleplayer', 'Adventure', 'First-Person', 'Sci-fi', 'Sandbox', 'Atmospheric', 'Aliens', 'Survival Horror', 'Multiplayer', 'Action', 'Indie', 'VR']",+100000
Phasmophobia,https://store.steampowered.com/app/739630/Phasmophobia/?snr=1_7_7_230_150_4,7.79,551538,93,"['Horror', 'Online Co-Op', 'Multiplayer', 'Psychological Horror', 'Co-op', 'VR', 'Supernatural', 'First-Person', 'Investigation', 'Dark', 'Demons', 'Detective', 'Mystery', '3D', 'Early Access', 'Thriller', 'Indie', 'Action', 'Tactical', 'Singleplayer']",+100000
Stellaris,https://store.steampowered.com/app/281990/Stellaris/?snr=1_7_7_230_150_4,23.99,116375,74,"['Space', 'Grand Strategy', 'Strategy', 'Sci-fi', '4X', 'Exploration', 'Sandbox', 'Simulation', 'Multiplayer', 'Singleplayer', 'Real-Time with Pause', 'Moddable', 'Diplomacy', 'Management', 'Military', 'Futuristic', 'Replay Value', 'Great Soundtrack', 'Procedural Generation', 'Atmospheric']",+100000
Battlefield™ 2042,https://store.steampowered.com/app/1517290/Battlefield_2042/?snr=1_7_7_230_150_4,59.99,202585,57,"['FPS', 'Shooter', 'Military', 'Multiplayer', 'War', 'Action', 'First-Person', 'Combat', 'Team-Based', 'Singleplayer', 'PvP', 'Futuristic', 'Vehicular Combat', 'Modern', 'Destruction', 'Physics', 'Cinematic', 'Adventure', 'Hero Shooter', 'Casual']",+100000
Undertale,https://store.steampowered.com/app/391540/Undertale/?snr=1_7_7_230_150_4,9.99,200990,95,"['Great Soundtrack', 'Story Rich', 'Choices Matter', 'Multiple Endings', 'Pixel Graphics', 'Funny', 'RPG', 'Singleplayer', 'Indie', 'Comedy', '2D', 'Replay Value', 'Bullet Hell', 'Cute', 'Memes', 'Retro', 'Dark', 'Psychological Horror', 'Dating Sim', 'Horror']",+100000
Age of Empires II: Definitive Edition,https://store.steampowered.com/app/813780/Age_of_Empires_II_Definitive_Edition/?snr=1_7_7_230_150_4,9.99,127210,91,"['Strategy', 'RTS', 'City Builder', 'Multiplayer', 'Base Building', 'Historical', 'Singleplayer', 'Medieval', 'Resource Management', 'Classic', 'Tactical', 'Real-Time', 'Co-op', 'Remake', 'Isometric', '2D', 'Replay Value', 'Action', 'Adventure', 'Great Soundtrack']",+100000
Far Cry® 5,https://store.steampowered.com/app/552520/Far_Cry_5/?snr=1_7_7_230_150_5,47.99,141161,81,"['Action-Adventure', 'Open World', 'Multiplayer', 'Co-op', 'FPS', 'Shooter', 'Exploration', 'Realistic', 'First-Person', 'America', 'Story Rich', 'Hunting', '3D', 'Action', 'Adventure', 'Survival', 'Stealth', 'Atmospheric', 'Nature', 'Psychedelic']",+100000
Stray,https://store.steampowered.com/app/1332010/Stray/?snr=1_7_7_230_150_5,14.99,124422,97,"['Cats', 'Adventure', 'Cyberpunk', 'Atmospheric', 'Singleplayer', 'Cute', 'Exploration', 'Robots', 'Beautiful', 'Third Person', 'Puzzle', 'Horror', 'Sci-fi', 'Indie', 'Dystopian', 'Open World', 'Mystery', 'Action', 'Colorful', 'Stealth']",+100000
Dying Light 2 Stay Human: Reloaded Edition,https://store.steampowered.com/app/534380/Dying_Light_2_Stay_Human_Reloaded_Edition/?snr=1_7_7_230_150_5,62.96,126974,75,"['Open World', 'Co-op', 'Zombies', 'Parkour', 'Multiplayer', 'Horror', 'Exploration', 'Combat', 'Gore', 'Post-apocalyptic', 'First-Person', 'Survival', 'Action RPG', 'Singleplayer', 'Adventure', 'Action', 'Action-Adventure', 'Violent', 'Choices Matter', 'Multiple Endings']",+100000
Ready or Not,https://store.steampowered.com/app/1144200/Ready_or_Not/?snr=1_7_7_230_150_5,28.99,138923,87,"['Tactical', 'Realistic', 'FPS', 'Shooter', 'Multiplayer', 'Co-op', 'Singleplayer', 'First-Person', 'Horror', 'Action', 'Violent', 'Gun Customization', 'Combat', 'Crime', 'Modern', 'Gore', 'Atmospheric', 'America', 'Co-op Campaign', 'Psychological Horror']",+100000
7 Days to Die,https://store.steampowered.com/app/251570/7_Days_to_Die/?snr=1_7_7_230_150_5,24.99,216664,89,"['Early Access', 'Survival', 'Zombies', 'Multiplayer', 'Open World', 'Open World Survival Craft', 'Voxel', 'Base Building', 'Post-apocalyptic', 'Online Co-Op', 'Exploration', 'Building', 'Sandbox', 'Simulation', 'FPS', 'Character Customization', 'Strategy', 'Action', 'Tower Defense', 'Procedural Generation']",+100000
DARK SOULS™ III,https://store.steampowered.com/app/374320/DARK_SOULS_III/?snr=1_7_7_230_150_5,39.99,244378,94,"['Souls-like', 'Dark Fantasy', 'Difficult', 'RPG', 'Atmospheric', 'Lore-Rich', 'Third Person', 'Exploration', 'Story Rich', 'Action RPG', 'Co-op', 'Great Soundtrack', 'Adventure', 'Action', 'Multiplayer', 'PvP', 'Open World', 'Singleplayer', 'Character Customization', 'Replay Value']",+100000
Forza Horizon 4,https://store.steampowered.com/app/1293830/Forza_Horizon_4/?snr=1_7_7_230_150_5,19.99,201996,89,"['Racing', 'Open World', 'Driving', 'Multiplayer', 'Automobile Sim', 'Online Co-Op', 'Realistic', 'Singleplayer', 'Controller', 'Adventure', 'Arcade', 'Simulation', 'PvP', 'Exploration', 'Action', 'Sports', 'Atmospheric', 'Great Soundtrack', 'First-Person', 'Funny']",+100000
No Man's Sky,https://store.steampowered.com/app/275850/No_Mans_Sky/?snr=1_7_7_230_150_5,59.99,227289,92,"['Open World', 'Open World Survival Craft', 'Space', 'Exploration', 'Sci-fi', 'Survival', 'Procedural Generation', 'Adventure', 'First-Person', 'Sandbox', 'Singleplayer', 'Multiplayer', 'Atmospheric', 'Crafting', 'Space Sim', 'Indie', 'Action', 'Simulation', 'FPS', 'VR']",+100000
Garry's Mod,https://store.steampowered.com/app/4000/Garrys_Mod/?snr=1_7_7_230_150_5,5.79,919052,96,"['Sandbox', 'Moddable', 'Multiplayer', 'Physics', 'Building', 'Casual', 'Funny', 'Singleplayer', 'First-Person', 'Online Co-Op', 'Co-op', 'FPS', 'Simulation', 'Shooter', 'Action', 'Comedy', 'Indie', 'PvP', 'Realistic', 'Exploration']",+100000
Raft,https://store.steampowered.com/app/648800/Raft/?snr=1_7_7_230_150_6,19.99,266300,88,"['Survival', 'Multiplayer', 'Open World Survival Craft', 'Co-op', 'Crafting', 'Open World', 'Building', 'Base Building', 'Online Co-Op', 'Adventure', 'Sandbox', 'First-Person', 'Singleplayer', 'Underwater', 'Early Access', 'Simulation', 'Action', 'Indie', 'Strategy', 'Massively Multiplayer']",+100000
Dying Light,https://store.steampowered.com/app/239140/Dying_Light/?snr=1_7_7_230_150_6,12.99,304703,94,"['Zombies', 'Survival Horror', 'Horror', 'Online Co-Op', 'Open World', 'Parkour', 'First-Person', 'Survival', 'Open World Survival Craft', 'Gore', 'FPS', 'Action', 'PvE', 'Stealth', 'PvP', 'Post-apocalyptic', 'Story Rich', 'Multiplayer', 'Hack and Slash', 'Action RPG']",+100000
It Takes Two,https://store.steampowered.com/app/1426210/It_Takes_Two/?snr=1_7_7_230_150_6,39.99,141867,89,"['Co-op', 'Multiplayer', 'Split Screen', 'Local Co-Op', 'Puzzle', 'Online Co-Op', 'Adventure', 'Story Rich', 'Local Multiplayer', 'Co-op Campaign', 'Puzzle Platformer', '3D Platformer', 'Action-Adventure', 'Platformer', 'Emotional', 'Action', 'Exploration', 'Atmospheric', 'Minigames', 'Female Protagonist']",+100000
Left 4 Dead 2,https://store.steampowered.com/app/550/Left_4_Dead_2/?snr=1_7_7_230_150_6,5.79,644020,96,"['Zombies', 'Co-op', 'FPS', 'Multiplayer', 'Shooter', 'Online Co-Op', 'Action', 'Survival', 'Horror', 'First-Person', 'Gore', 'Team-Based', 'Moddable', 'Survival Horror', 'Post-apocalyptic', 'Singleplayer', 'Adventure', 'Local Co-Op', 'Replay Value', 'Tactical']",+100000
Squad,https://store.steampowered.com/app/393380/Squad/?snr=1_7_7_230_150_6,24.99,132266,86,"['Military', 'Realistic', 'FPS', 'Multiplayer', 'Tactical', 'Team-Based', 'Shooter', 'War', 'First-Person', 'Action', 'Massively Multiplayer', 'Strategy', 'Modern', 'Simulation', 'Base Building', 'Wargame', 'Open World', 'Immersive Sim', 'Atmospheric', 'PvP']",+100000
Hades,https://store.steampowered.com/app/1145360/Hades/?snr=1_7_7_230_150_6,8.25,239530,96,"['Action Roguelike', 'Roguelite', 'Hack and Slash', 'Indie', 'Mythology', 'Action', 'Roguelike', 'Great Soundtrack', 'Singleplayer', 'RPG', 'Story Rich', 'Dungeon Crawler', 'Replay Value', 'Isometric', 'Difficult', 'Action RPG', 'Hand-drawn', 'Atmospheric', 'Perma Death', 'Souls-like']",+100000
ARK: Survival Evolved,https://store.steampowered.com/app/346110/ARK_Survival_Evolved/?snr=1_7_7_230_150_6,14.99,519032,89,"['Open World Survival Craft', 'Survival', 'Multiplayer', 'Open World', 'Dinosaurs', 'Crafting', 'Building', 'Adventure', 'Base Building', 'Co-op', 'Action', 'First-Person', 'Sandbox', 'Massively Multiplayer', 'Singleplayer', 'Early Access', 'RPG', 'Dragons', 'Sci-fi', 'Indie']",+100000
Valheim,https://store.steampowered.com/app/892970/Valheim/?snr=1_7_7_230_150_6,19.99,387729,87,"['Open World Survival Craft', 'Survival', 'Online Co-Op', 'Open World', 'Multiplayer', 'Building', 'Crafting', 'Exploration', 'Base Building', 'Co-op', 'Difficult', 'Adventure', 'Mythology', 'Early Access', 'Action', 'PvE', 'Singleplayer', 'Indie', 'Third Person', 'Sandbox']",+100000
The Witcher 3: Wild Hunt,https://store.steampowered.com/app/292030/The_Witcher_3_Wild_Hunt/?snr=1_7_7_230_150_6,29.99,707987,95,"['Open World', 'RPG', 'Story Rich', 'Atmospheric', 'Mature', 'Fantasy', 'Adventure', 'Singleplayer', 'Nudity', 'Choices Matter', 'Great Soundtrack', 'Third Person', 'Medieval', 'Action', 'Multiple Endings', 'Action RPG', 'Magic', 'Dark Fantasy', 'Dark', 'Sandbox']",+100000
Battlefield™ 1,https://store.steampowered.com/app/1238840/Battlefield_1/?snr=1_7_7_230_150_7,39.99,127449,85,"['FPS', 'Multiplayer', 'World War I', 'Singleplayer', 'War', 'Shooter', 'Action', 'First-Person', 'Atmospheric', 'Historical', 'PvP', 'Massively Multiplayer', 'Gore', 'Destruction', 'Tanks', 'Open World', 'Violent', 'Physics', 'Mature', 'Great Soundtrack']",+100000
Sid Meier’s Civilization® VI,https://store.steampowered.com/app/289070/Sid_Meiers_Civilization_VI/?snr=1_7_7_230_150_7,59.99,224064,89,"['Strategy', 'Turn-Based Strategy', 'Multiplayer', 'Historical', 'Singleplayer', 'Grand Strategy', 'Turn-Based', '4X', 'War', 'Simulation', 'City Builder', 'Tactical', 'Building', 'Management', 'Great Soundtrack', 'Moddable', 'Online Co-Op', 'Co-op', 'Hex Grid', 'Atmospheric']",+100000
Don't Starve Together,https://store.steampowered.com/app/322330/Dont_Starve_Together/?snr=1_7_7_230_150_7,6.59,308119,93,"['Survival', 'Open World Survival Craft', 'Multiplayer', 'Co-op', 'Open World', 'Adventure', 'Crafting', 'Online Co-Op', 'Sandbox', 'Difficult', 'Indie', '2D', 'Atmospheric', 'Funny', 'Survival Horror', 'Strategy', 'Horror', 'Singleplayer', 'Action', 'Roguelike']",+100000
theHunter: Call of the Wild™,https://store.steampowered.com/app/518790/theHunter_Call_of_the_Wild/?snr=1_7_7_230_150_7,10.49,129998,91,"['Hunting', 'Open World', 'Multiplayer', 'Relaxing', 'Nature', 'Stealth', 'Sandbox', 'FPS', 'Simulation', 'Survival', 'Realistic', 'Online Co-Op', 'First-Person', 'America', 'Co-op', 'Immersive Sim', 'Walking Simulator', 'Sports', 'Shooter', 'Controller']",+100000
Borderlands 3,https://store.steampowered.com/app/397540/Borderlands_3/?snr=1_7_7_230_150_7,59.99,103091,84,"['RPG', 'Looter Shooter', 'Multiplayer', 'FPS', 'Action', 'Loot', 'Online Co-Op', 'Open World', 'Co-op', 'Shooter', 'Singleplayer', 'Co-op Campaign', 'Gore', 'First-Person', 'Violent', 'Adventure', 'Nudity', 'Comedy', 'Great Soundtrack', 'Epic']",+100000
Assassin's Creed® Odyssey,https://store.steampowered.com/app/812140/Assassins_Creed_Odyssey/?snr=1_7_7_230_150_7,47.99,139283,81,"['Open World', 'RPG', 'Singleplayer', 'Historical', 'Action', 'Assassin', 'Third Person', 'Adventure', 'Mythology', 'Stealth', 'Multiple Endings', 'Story Rich', 'Female Protagonist', 'Parkour', 'Exploration', 'Choices Matter', 'Action RPG', 'Action-Adventure', 'Multiplayer', 'Choose Your Own Adventure']",+100000
Vampire Survivors,https://store.steampowered.com/app/1794680/Vampire_Survivors/?snr=1_7_7_230_150_8,3.49,219091,97,"['Action Roguelike', 'Bullet Hell', 'Pixel Graphics', 'Roguelite', '2D', 'Indie', 'Vampire', 'Singleplayer', 'Arcade', 'Casual', 'Action', 'RPG', 'Controller', 'Retro', 'Roguelike', 'Score Attack', 'Action RPG', 'Dark Fantasy', 'Local Co-Op', '1980s']",+100000
Cities: Skylines,https://store.steampowered.com/app/255710/Cities_Skylines/?snr=1_7_7_230_150_8,17.99,190323,92,"['City Builder', 'Simulation', 'Building', 'Management', 'Strategy', 'Sandbox', 'Singleplayer', 'Moddable', 'Economy', 'Resource Management', 'Mod', 'Realistic', 'Replay Value', 'Casual', 'Modern', 'Real-Time with Pause', 'Family Friendly', 'Great Soundtrack', 'Funny', 'Action']",+100000
Factorio,https://store.steampowered.com/app/427520/Factorio/?snr=1_7_7_230_150_8,17.0,145912,97,"['Automation', 'Base Building', 'Resource Management', 'Sandbox', 'Crafting', 'Strategy', 'Multiplayer', 'Survival', 'Management', 'Open World', 'Building', 'Co-op', '2D', 'Moddable', 'Singleplayer', 'Trains', 'Simulation', 'Pixel Graphics', 'City Builder', 'Indie']",+100000
Fallout: New Vegas,https://store.steampowered.com/app/22380/Fallout_New_Vegas/?snr=1_7_7_230_150_8,5.99,167505,93,"['Open World', 'RPG', 'Post-apocalyptic', 'Singleplayer', 'Moddable', 'Story Rich', 'Exploration', 'First-Person', 'Action', 'Adventure', 'FPS', 'Sci-fi', 'Western', 'Atmospheric', 'Action RPG', 'Character Customization', 'Survival', 'Sandbox', 'Shooter', 'Third Person']",+100000
Grand Theft Auto IV: The Complete Edition,https://store.steampowered.com/app/12210/Grand_Theft_Auto_IV_The_Complete_Edition/?snr=1_7_7_230_150_8,19.99,134084,87,"['Open World', 'Action', 'Automobile Sim', 'Multiplayer', 'Crime', 'Third Person', 'Adventure', 'Singleplayer', 'Third-Person Shooter', 'Sandbox', 'Moddable', 'Shooter', 'Physics', 'Atmospheric', 'Classic', 'Funny', 'Dark Humor', 'Gore', 'Satire', 'Co-op']",+100000
New World,https://store.steampowered.com/app/1063730/New_World/?snr=1_7_7_230_150_8,39.99,234964,57,"['Open World', 'Massively Multiplayer', 'MMORPG', 'RPG', 'Adventure', 'Action', 'PvP', 'PvE', 'Multiplayer', 'Fantasy', 'Character Customization', 'Walking Simulator', 'Crafting', 'Third Person', 'Open World Survival Craft', 'Co-op', 'Sandbox', 'Violent', 'Sexual Content', 'Singleplayer']",+100000
ULTRAKILL,https://store.steampowered.com/app/1229490/ULTRAKILL/?snr=1_7_7_230_150_9,12.49,101886,97,"['Early Access', 'Boomer Shooter', 'Character Action Game', 'Fast-Paced', 'FPS', 'Blood', 'Spectacle fighter', 'Arena Shooter', 'Retro', 'Singleplayer', 'Shooter', 'First-Person', 'Difficult', 'Colorful', 'Score Attack', 'Action', 'Cyberpunk', 'Great Soundtrack', 'Robots', 'Old School']",+100000
Among Us,https://store.steampowered.com/app/945360/Among_Us/?snr=1_7_7_230_150_9,2.49,600899,89,"['Multiplayer', 'Online Co-Op', 'Social Deduction', 'Space', 'Survival', '2D', 'Funny', 'Psychological', 'Co-op', 'Party Game', 'Cartoony', 'Local Multiplayer', 'Casual', 'Action', 'Sci-fi', 'PvP', 'Aliens', 'Minigames', 'Colorful', 'Top-Down']",+100000
Risk of Rain 2,https://store.steampowered.com/app/632360/Risk_of_Rain_2/?snr=1_7_7_230_150_9,12.49,183870,94,"['Third-Person Shooter', 'Action Roguelike', 'Multiplayer', 'Co-op', 'Action', 'Roguelite', 'Looter Shooter', 'Roguelike', 'Loot', 'Online Co-Op', 'Shooter', 'Difficult', 'Third Person', 'Indie', 'Great Soundtrack', 'Survival', 'Singleplayer', 'Soundtrack', 'Early Access', 'Bullet Hell']",+100000
Satisfactory,https://store.steampowered.com/app/526870/Satisfactory/?snr=1_7_7_230_150_11,16.63,137797,95,"['Base Building', 'Automation', 'Open World', 'Multiplayer', 'Crafting', 'Co-op', 'Resource Management', 'Building', 'Sandbox', 'Exploration', 'Adventure', 'Open World Survival Craft', 'Early Access', 'Simulation', 'Survival', 'First-Person', 'Strategy', 'Sci-fi', 'Singleplayer', 'Indie']",+100000
PAYDAY 2,https://store.steampowered.com/app/218620/PAYDAY_2/?snr=1_7_7_230_150_11,9.99,427408,89,"['Co-op', 'Action', 'FPS', 'Heist', 'Multiplayer', 'Looter Shooter', 'Online Co-Op', 'Stealth', 'Crime', 'Shooter', 'Team-Based', 'First-Person', 'Great Soundtrack', 'Gun Customization', 'Tactical', 'PvE', 'Strategy', 'Singleplayer', 'Funny', 'Simulation']",+100000
Mount & Blade: Warband,https://store.steampowered.com/app/48700/Mount__Blade_Warband/?snr=1_7_7_230_150_11,7.99,126017,96,"['Medieval', 'RPG', 'Open World', 'Strategy', 'Sandbox', 'Multiplayer', 'Action', 'Moddable', 'Military', 'Adventure', 'Horses', 'Singleplayer', 'Realistic', 'First-Person', 'Historical', 'Third Person', 'Simulation', 'Hack and Slash', 'Fantasy', 'Indie']",+100000
Bloons TD 6,https://store.steampowered.com/app/960090/Bloons_TD_6/?snr=1_7_7_230_150_11,7.79,273087,96,"['Tower Defense', 'Strategy', 'Multiplayer', 'Singleplayer', 'Online Co-Op', 'Co-op', 'Family Friendly', 'Casual', '3D', 'Cartoony', 'Sandbox', 'Great Soundtrack', 'Difficult', 'Funny', 'Cute', 'Survival', 'Action', 'Indie', '2D', 'Adventure']",+100000
BattleBit Remastered,https://store.steampowered.com/app/671860/BattleBit_Remastered/?snr=1_7_7_230_150_12,14.99,114552,81,"['FPS', 'Multiplayer', 'Shooter', 'Military', 'Destruction', 'Massively Multiplayer', 'PvP', 'War', 'Action', 'Tactical', 'First-Person', 'Team-Based', 'Combat', 'Gun Customization', 'Class-Based', 'Character Customization', '3D', 'Voxel', 'Indie', 'Early Access']",+100000
DOOM Eternal,https://store.steampowered.com/app/782330/DOOM_Eternal/?snr=1_7_7_230_150_12,23.99,161955,91,"['FPS', 'Action', 'Great Soundtrack', 'Gore', 'Fast-Paced', 'Violent', 'Demons', 'Shooter', 'First-Person', 'Singleplayer', 'Blood', 'Multiplayer', 'Sci-fi', 'Post-apocalyptic', 'Atmospheric', 'Mature', 'Story Rich', 'Difficult', 'Adventure', 'Horror']",+100000
Cuphead,https://store.steampowered.com/app/268910/Cuphead/?snr=1_7_7_230_150_12,19.99,142961,94,"['Difficult', 'Cartoon', 'Co-op', 'Platformer', 'Great Soundtrack', 'Local Co-Op', '2D', 'Hand-drawn', 'Multiplayer', 'Indie', 'Retro', 'Cartoony', 'Bullet Hell', 'Action', ""Shoot 'Em Up"", 'Singleplayer', 'Side Scroller', 'Colorful', 'Funny', 'Souls-like']",+100000
Call of Duty®: Black Ops III,https://store.steampowered.com/app/311210/Call_of_Duty_Black_Ops_III/?snr=1_7_7_230_150_12,59.99,124556,92,"['Multiplayer', 'FPS', 'Zombies', 'Shooter', 'Action', 'First-Person', 'Singleplayer', 'Co-op', 'Futuristic', 'Illuminati', 'Hero Shooter', 'Robots', 'Sci-fi', 'Gore', 'Great Soundtrack', 'Story Rich', 'Atmospheric', 'Parkour', 'Quick-Time Events', 'Simulation']",+100000
The Elder Scrolls V: Skyrim Special Edition,https://store.steampowered.com/app/489830/The_Elder_Scrolls_V_Skyrim_Special_Edition/?snr=1_7_7_230_150_12,23.99,161172,93,"['Open World', 'RPG', 'Adventure', 'Singleplayer', 'Fantasy', 'Character Customization', 'Moddable', 'Dragons', 'Story Rich', 'Magic', 'First-Person', 'Action', 'Atmospheric', 'Great Soundtrack', 'Third Person', 'Stealth', 'Classic', 'Remake', 'Female Protagonist', 'Walking Simulator']",+100000
Totally Accurate Battle Simulator,https://store.steampowered.com/app/508440/Totally_Accurate_Battle_Simulator/?snr=1_7_7_230_150_13,8.99,115429,97,"['Sandbox', 'Simulation', 'Funny', 'War', 'Physics', 'Strategy', 'Singleplayer', 'Realistic', 'Adventure', 'Indie', 'Colorful', 'Fantasy', '3D', 'Comedy', 'Action', 'Historical', 'Family Friendly', 'Cute', 'Wargame', 'Memes']",+100000
Sekiro™: Shadows Die Twice - GOTY Edition,https://store.steampowered.com/app/814380/Sekiro_Shadows_Die_Twice__GOTY_Edition/?snr=1_7_7_230_150_13,59.99,205532,94,"['Souls-like', 'Difficult', 'Action', 'Singleplayer', 'Ninja', 'Stealth', 'Adventure', 'Third Person', 'Open World', 'Story Rich', 'Violent', 'Atmospheric', 'Assassin', 'Dark Fantasy', 'Hack and Slash', 'RPG', 'Gore', 'Great Soundtrack', 'Rhythm', 'Dark']",+100000
Counter-Strike,https://store.steampowered.com/app/10/CounterStrike/?snr=1_7_7_230_150_13,5.79,149618,95,"['Action', 'FPS', 'Multiplayer', 'Shooter', 'Classic', 'Team-Based', 'First-Person', 'Competitive', 'Tactical', ""1990's"", 'eSports', 'PvP', 'Old School', 'Military', 'Strategy', 'Survival', 'Score Attack', '1980s', 'Assassin', 'Nostalgia']",+100000
Battlefield™ V,https://store.steampowered.com/app/1238810/Battlefield_V/?snr=1_7_7_230_150_13,49.99,180495,58,"['FPS', 'Multiplayer', 'World War II', 'Singleplayer', 'Shooter', 'War', 'Military', 'First-Person', 'Massively Multiplayer', 'PvP', 'Combat', 'Open World', 'Action', 'Historical', 'Destruction', 'Battle Royale', 'Atmospheric', 'Sexual Content', 'Violent', 'Female Protagonist']",+100000
Portal 2,https://store.steampowered.com/app/620/Portal_2/?snr=1_7_7_230_150_13,5.79,324532,98,"['Platformer', 'Puzzle', 'Dark Humor', 'First-Person', 'Story Rich', 'Puzzle Platformer', 'Funny', 'Female Protagonist', '3D Platformer', 'Action-Adventure', 'Action', 'FPS', 'Co-op', 'Physics', 'Sci-fi', 'Level Editor', 'Science', 'Comedy', 'Atmospheric', 'Adventure']",+100000
Deep Rock Galactic,https://store.steampowered.com/app/548430/Deep_Rock_Galactic/?snr=1_7_7_230_150_13,29.99,231534,97,"['Dwarf', 'Co-op', 'PvE', 'FPS', 'Procedural Generation', 'Class-Based', 'Shooter', 'Exploration', 'First-Person', 'Loot', 'Sci-fi', 'Space', 'Action', 'Atmospheric', 'Looter Shooter', 'Combat', 'Survival', 'Horror', 'Dark', 'Action Roguelike']",+100000
Hollow Knight,https://store.steampowered.com/app/367520/Hollow_Knight/?snr=1_7_7_230_150_14,5.99,311905,95,"['Metroidvania', 'Souls-like', 'Platformer', 'Great Soundtrack', '2D', 'Difficult', 'Indie', 'Singleplayer', 'Atmospheric', 'Exploration', 'Adventure', 'Story Rich', 'Hand-drawn', 'Action', 'Multiple Endings', 'Dark Fantasy', 'Open World', 'Cute', 'Controller', 'Side Scroller']",+100000
DayZ,https://store.steampowered.com/app/221100/DayZ/?snr=1_7_7_230_150_14,49.99,324329,85,"['Survival', 'Online Co-Op', 'Open World', 'Multiplayer', 'PvP', 'Action', 'Shooter', 'Post-apocalyptic', 'Massively Multiplayer', 'Horror', 'Simulation', 'FPS', 'First-Person', 'Survival Horror', 'Sandbox', 'Co-op', 'Adventure', 'Atmospheric', 'Choose Your Own Adventure', 'Zombies']",+100000
Human Fall Flat,https://store.steampowered.com/app/477160/Human_Fall_Flat/?snr=1_7_7_230_150_15,10.49,153488,92,"['Co-op', 'Funny', 'Puzzle', 'Adventure', 'Physics', 'Sandbox', 'Puzzle Platformer', 'Action', 'Open World', 'Multiplayer', 'Local Co-Op', 'Indie', 'Comedy', 'Local Multiplayer', 'Parkour', 'Casual', 'Split Screen', '3D Platformer', 'Singleplayer', 'Simulation']",+100000
Slime Rancher,https://store.steampowered.com/app/433340/Slime_Rancher/?snr=1_7_7_230_150_15,8.99,106503,97,"['Cute', 'Exploration', 'Adventure', 'Singleplayer', 'Open World', 'First-Person', 'Colorful', 'Funny', 'Sandbox', 'Simulation', 'Casual', 'Management', 'Fantasy', 'Family Friendly', 'Indie', 'Great Soundtrack', 'Female Protagonist', 'Action', 'Early Access', 'FPS']",+100000
Divinity: Original Sin 2 - Definitive Edition,https://store.steampowered.com/app/435150/Divinity_Original_Sin_2__Definitive_Edition/?snr=1_7_7_230_150_16,25.99,156433,93,"['Tactical RPG', 'RPG', 'Turn-Based Strategy', 'Story Rich', 'Fantasy', 'Exploration', 'CRPG', 'Character Customization', 'Party-Based RPG', 'Strategy RPG', 'PvP', 'Female Protagonist', 'Co-op Campaign', 'Local Co-Op', 'Choices Matter', 'Isometric', 'Romance', 'Strategy', 'Moddable', 'Funny']",+100000
Dead Cells,https://store.steampowered.com/app/588650/Dead_Cells/?snr=1_7_7_230_150_18,12.49,129992,96,"['Adventure', 'Action Roguelike', 'Pixel Graphics', 'Metroidvania', '2D', 'Roguelike', 'Souls-like', 'Roguelite', 'Replay Value', 'Hack and Slash', 'Difficult', 'Platformer', 'Singleplayer', 'Roguevania', 'Action', 'Dark Fantasy', 'Atmospheric', 'Procedural Generation', 'Funny', 'Indie']",+100000
Oxygen Not Included,https://store.steampowered.com/app/457140/Oxygen_Not_Included/?snr=1_7_7_230_150_18,7.99,108069,97,"['Colony Sim', 'Base Building', 'Survival', 'Resource Management', 'Building', 'Singleplayer', 'Management', 'Simulation', '2D', 'Sandbox', 'Strategy', 'Space', 'Indie', 'Sci-fi', 'Exploration', 'Difficult', 'Open World', 'Multiplayer', 'Adventure', 'Space Sim']",+100000
Darkest Dungeon®,https://store.steampowered.com/app/262060/Darkest_Dungeon/?snr=1_7_7_230_150_19,12.49,118569,90,"['Turn-Based Combat', 'Dark Fantasy', 'Dungeon Crawler', 'Roguelike', 'RPG', 'Lovecraftian', 'Difficult', 'Turn-Based', 'Singleplayer', 'Perma Death', 'Strategy', 'Atmospheric', 'Dark', 'Indie', '2D', 'Roguelite', 'Horror', 'Gothic', 'Fantasy', 'Kickstarter']",+100000
The Binding of Isaac: Rebirth,https://store.steampowered.com/app/250900/The_Binding_of_Isaac_Rebirth/?snr=1_7_7_230_150_19,14.99,259328,96,"['Action Roguelike', 'Roguelike', 'Indie', 'Replay Value', 'Difficult', 'Pixel Graphics', 'Dungeon Crawler', 'Great Soundtrack', 'Singleplayer', 'Dark', '2D', 'Remake', 'Local Co-Op', 'Gore', 'Procedural Generation', 'Roguelite', 'Atmospheric', 'Action', 'Co-op', 'Horror']",+100000
Inscryption,https://store.steampowered.com/app/1092790/Inscryption/?snr=1_7_7_230_150_19,10.49,103686,96,"['Card Battler', 'Card Game', 'Story Rich', 'Deckbuilding', 'Horror', 'Dark', 'Puzzle', 'Strategy', 'Roguelite', 'Psychological', 'Roguelike', 'Surreal', 'Experimental', 'First-Person', 'Point & Click', '3D', '2D', 'FMV', 'Pixel Graphics', 'Adventure']",+100000
STAR WARS Jedi: Fallen Order™,https://store.steampowered.com/app/1172380/STAR_WARS_Jedi_Fallen_Order/?snr=1_7_7_230_150_20,39.99,123900,85,"['Action-Adventure', 'Souls-like', 'Third Person', 'Story Rich', 'Swordplay', 'Open World', 'Exploration', 'Sci-fi', 'Action', 'Platformer', 'Space', 'RPG', 'Fighting', 'Metroidvania', 'Puzzle', 'Adventure', 'Fantasy', 'Atmospheric', 'Hack and Slash', 'Family Friendly']",+100000
Halo: The Master Chief Collection,https://store.steampowered.com/app/976730/Halo_The_Master_Chief_Collection/?snr=1_7_7_230_150_21,39.99,206316,90,"['Great Soundtrack', 'FPS', 'Classic', 'Multiplayer', 'Story Rich', 'Sci-fi', 'Co-op', 'First-Person', 'Epic', 'Shooter', 'Action', 'Singleplayer', 'Aliens', 'Lore-Rich', 'Beautiful', 'Space', 'Atmospheric', 'Adventure', 'Horror', 'Online Co-Op']",+100000
Black Mesa,https://store.steampowered.com/app/362890/Black_Mesa/?snr=1_7_7_230_150_22,10.49,105374,92,"['FPS', 'Remake', 'Action', 'Sci-fi', 'First-Person', 'Singleplayer', 'Shooter', 'Classic', 'Atmospheric', 'Story Rich', 'Great Soundtrack', 'Aliens', 'Zombies', 'Adventure', 'Horror', 'Multiplayer', 'Indie', 'Mod', 'Early Access', 'Gore']",+100000
Rise of the Tomb Raider™,https://store.steampowered.com/app/391220/Rise_of_the_Tomb_Raider/?snr=1_7_7_230_150_22,14.99,101324,93,"['Adventure', 'Action', 'Female Protagonist', 'Singleplayer', 'Third Person', 'Exploration', 'Open World', 'Action-Adventure', 'Story Rich', 'Survival', 'Puzzle', 'Stealth', 'Atmospheric', 'Third-Person Shooter', 'Parkour', 'Shooter', 'RPG', 'Multiplayer', 'Great Soundtrack', 'Quick-Time Events']",+100000
Slay the Spire,https://store.steampowered.com/app/646570/Slay_the_Spire/?snr=1_7_7_230_150_22,11.49,134974,96,"['Roguelike Deckbuilder', 'Card Game', 'Card Battler', 'Roguelike', 'Deckbuilding', 'Turn-Based', 'Strategy', 'Singleplayer', 'Roguelite', 'Replay Value', 'Indie', 'Difficult', 'Dungeon Crawler', 'RPG', 'Mouse only', 'Great Soundtrack', '2D', 'Procedural Generation', 'Fantasy', 'Casual']",+100000
Geometry Dash,https://store.steampowered.com/app/322170/Geometry_Dash/?snr=1_7_7_230_150_23,2.99,324823,92,"['Difficult', 'Music', 'Level Editor', 'Great Soundtrack', 'Precision Platformer', 'Rhythm', '2D', 'Singleplayer', 'Colorful', 'Platformer', 'Character Customization', 'Indie', 'Arcade', 'Side Scroller', 'Family Friendly', 'Funny', 'Action', 'Casual', 'Strategy', 'Adventure']",+100000
Titanfall® 2,https://store.steampowered.com/app/1237970/Titanfall_2/?snr=1_7_7_230_150_26,29.99,193526,94,"['FPS', 'Mechs', 'Multiplayer', 'Shooter', 'Action', 'Singleplayer', 'Parkour', 'Sci-fi', 'First-Person', 'Futuristic', 'PvP', 'Combat', 'Military', 'Fast-Paced', 'Team-Based', 'Time Travel', 'Hero Shooter', 'Violent', 'Co-op', 'Gore']",+100000
People Playground,https://store.steampowered.com/app/1118200/People_Playground/?snr=1_7_7_230_150_27,5.79,230273,97,"['Sandbox', 'Gore', 'Physics', 'Moddable', 'Blood', 'Violent', '2D', 'Singleplayer', 'Destruction', 'Simulation', 'Funny', 'Building', 'Pixel Graphics', 'Psychological Horror', 'Indie', 'Action', 'Casual', 'Horror', 'Comedy', 'Choose Your Own Adventure']",+100000
Resident Evil 2,https://store.steampowered.com/app/883710/Resident_Evil_2/?snr=1_7_7_230_150_27,29.99,104946,96,"['Zombies', 'Survival Horror', 'Horror', 'Singleplayer', 'Remake', 'Third Person', 'Gore', 'Action', 'Puzzle', 'Atmospheric', 'Violent', 'Story Rich', 'Survival', 'Classic', 'Multiplayer', 'Female Protagonist', 'Dark', 'Shooter', 'Adventure', 'Difficult']",+100000
BioShock Infinite,https://store.steampowered.com/app/8870/BioShock_Infinite/?snr=1_7_7_230_150_29,29.99,102054,92,"['FPS', 'Story Rich', 'Action', 'Singleplayer', 'Steampunk', 'Atmospheric', 'Shooter', 'First-Person', 'Beautiful', 'Alternate History', 'Adventure', 'Great Soundtrack', 'Dystopian', 'Sci-fi', 'Time Travel', 'Fantasy', 'Gore', 'Linear', 'RPG', 'Immersive']",+100000
Plants vs. Zombies GOTY Edition,https://store.steampowered.com/app/3590/Plants_vs_Zombies_GOTY_Edition/?snr=1_7_7_230_150_29,4.99,115487,97,"['Tower Defense', 'Zombies', 'Strategy', 'Singleplayer', 'Casual', 'Comedy', 'Classic', '2D', 'Great Soundtrack', 'Family Friendly', 'Funny', 'Puzzle', 'Addictive', 'Cute', 'Survival', 'Indie', 'Tactical', 'Adventure', 'Touch-Friendly', 'Post-apocalyptic']",+100000
Tomb Raider,https://store.steampowered.com/app/203160/Tomb_Raider/?snr=1_7_7_230_150_29,7.49,143497,94,"['Adventure', 'Action', 'Female Protagonist', 'Third Person', 'Singleplayer', 'Story Rich', 'Third-Person Shooter', 'Multiplayer', 'Exploration', 'Action-Adventure', 'Quick-Time Events', 'Atmospheric', 'Shooter', 'Puzzle', 'Stealth', 'Cinematic', 'Platformer', 'RPG', 'Reboot', '3D Vision']",+100000
DOOM,https://store.steampowered.com/app/379720/DOOM/?snr=1_7_7_230_150_30,11.99,127837,95,"['FPS', 'Gore', 'Action', 'Shooter', 'Demons', 'Great Soundtrack', 'First-Person', 'Fast-Paced', 'Singleplayer', 'Multiplayer', 'Sci-fi', 'Horror', 'Atmospheric', 'Classic', 'Blood', 'Difficult', 'Remake', 'Zombies', 'Co-op', 'Violent']",+100000
Portal,https://store.steampowered.com/app/400/Portal/?snr=1_7_7_230_150_30,5.79,134904,97,"['Puzzle', 'Puzzle Platformer', 'First-Person', '3D Platformer', 'Singleplayer', 'Sci-fi', 'Comedy', 'Female Protagonist', 'Physics', 'Funny', 'Action', 'Classic', 'Story Rich', 'Platformer', 'Science', 'Atmospheric', 'Dark Humor', 'FPS', 'Short', 'Adventure']",+100000
Counter-Strike: Source,https://store.steampowered.com/app/240/CounterStrike_Source/?snr=1_7_7_230_150_31,5.79,116539,94,"['Shooter', 'FPS', 'Action', 'Multiplayer', 'Team-Based', 'First-Person', 'Competitive', 'Tactical', 'PvP', 'eSports', 'Military', 'War', 'Strategy', 'Moddable', 'Singleplayer', 'Difficult', 'Atmospheric', 'Survival', 'Simulation', 'Sandbox']",+100000
Ori and the Will of the Wisps,https://store.steampowered.com/app/1057090/Ori_and_the_Will_of_the_Wisps/?snr=1_7_7_230_150_32,29.99,117858,95,"['Beautiful', 'Metroidvania', 'Platformer', 'Great Soundtrack', 'Singleplayer', 'Action', 'Adventure', 'Atmospheric', 'Story Rich', 'Exploration', 'Cute', 'Action-Adventure', 'Puzzle', 'Emotional', '2D', 'Difficult', 'Fantasy', 'Indie', 'Open World', 'Souls-like']",+100000
Half-Life 2,https://store.steampowered.com/app/220/HalfLife_2/?snr=1_7_7_230_150_33,5.79,152269,96,"['FPS', 'Action', 'Sci-fi', 'Classic', 'Singleplayer', 'Story Rich', 'Shooter', 'First-Person', 'Adventure', 'Dystopian', 'Atmospheric', 'Silent Protagonist', 'Zombies', 'Physics', 'Aliens', 'Great Soundtrack', 'Horror', 'Puzzle', 'Multiplayer', 'Moddable']",+100000
Borderlands 2,https://store.steampowered.com/app/49520/Borderlands_2/?snr=1_7_7_230_150_33,19.99,188509,95,"['Loot', 'Shooter', 'Action', 'Multiplayer', 'Co-op', 'Looter Shooter', 'FPS', 'RPG', 'First-Person', 'Funny', 'Comedy', 'Open World', 'Combat', 'Online Co-Op', 'Adventure', 'Action RPG', 'Dark Humor', 'Singleplayer', 'Memes', 'Sci-fi']",+100000
Sid Meier's Civilization® V,https://store.steampowered.com/app/8930/Sid_Meiers_Civilization_V/?snr=1_7_7_230_150_35,29.99,119985,96,"['Turn-Based Strategy', 'Strategy', 'Turn-Based', 'Multiplayer', 'Historical', '4X', 'Addictive', 'Singleplayer', 'Hex Grid', 'Grand Strategy', 'Replay Value', 'Co-op', 'Tactical', 'Economy', 'Diplomacy', 'Moddable', 'Simulation', 'Classic', 'Great Soundtrack', 'Touch-Friendly']",+100000
鬼谷八荒 Tale of Immortal,https://store.steampowered.com/app/1468810/_Tale_of_Immortal/?snr=1_7_7_230_150_49,19.99,188527,69,"['Management', 'Singleplayer', 'Simulation', 'Tactical RPG', 'Mythology', 'Sandbox', 'Action', 'RPG', 'Choose Your Own Adventure', 'Dating Sim', 'Adventure', 'Exploration', 'Hack and Slash', '2D', 'Story Rich', 'Action RPG', 'Procedural Generation', 'Action-Adventure', 'Hand-drawn', 'Strategy RPG']",+100000
STAR WARS Jedi: Fallen Order Deluxe Edition,https://store.steampowered.com/sub/401587/?snr=1_7_7_230_150_576,49.99,123907,85,"['Action-Adventure', 'Souls-like', 'Third Person', 'Story Rich', 'Swordplay', 'Open World', 'Exploration', 'Sci-fi', 'Action', 'Platformer', 'Space', 'RPG', 'Fighting', 'Metroidvania', 'Puzzle', 'Adventure', 'Fantasy', 'Atmospheric', 'Hack and Slash', 'Family Friendly']",+100000
